[
  {
    "id": "Civilian_depower_armor",
    "type": "ARMOR",
    "category": "armor",
    "name": "Commercial Depowered armor",
    "//": "These much Less Durable Suits Of Power Armor Were Made For Public Use.",
    "description": "The DoubleTech civilian Power Armor,: A heavy suit of basic power armor that has been modified for civilian use, And Has Been Made For Storage, This suit has had its servos and cooling system stripped out, meaning it no longer requires power.",
    "weight": "10000 g",
    "volume": "20 L",
    "price": 50000,
    "price_postapoc": 50000,
    "to_hit": 1,
    "bashing": 1,
    "material": [ "steel" ],
    "symbol": "[",
    "color": "light_gray",
    "covers": [ "TORSO", "ARMS", "HANDS", "LEGS", "FEET" ],
    "coverage": 90,
    "encumbrance": 35,
    "storage": "5000 ml",
    "warmth": 50,
    "material_thickness": 5,
    "environmental_protection": 4,
    "flags": [ "WATERPROOF", "STURDY"]
  },
  {
    "id": "power_armor_Civillian",
    "type": "ARMOR",
    "category": "armor",
    "name": "Commercial power armor",
    "description": "A suit of DoubleTech Power Armor, Mk. I-C.  This model Is Made For Commercial Use, This Model Was Very Common To See On Rich Members Of society. Like all DoubleTech power armor, the control and climate-regulation systems require direct skin contact.",
    "weight": "8000 g",
    "volume": "20 L",
    "price": 700000,
    "price_postapoc": 700000,
    "to_hit": 1,
    "bashing": 1,
    "material": [ "steel", "plastic" ],
    "symbol": "[",
    "color": "dark_gray",
    "covers": [ "TORSO", "ARMS", "HANDS", "LEGS", "FEET" ],
    "coverage": 95,
    "encumbrance": 35,
    "storage": "25 L",
    "warmth": 55,
    "power_armor": true,
    "material_thickness": 7,
    "environmental_protection": 13,
    "use_action": { "type": "ups_based_armor", "activate_msg": "Your Commercial power armor engages." },
    "flags": [ "WATERPROOF", "STURDY", "ELECTRIC_IMMUNE" ]
  }
]
